264183816548130816	15140428	positive	Gas by my house hit $3.39!!!! I'm going to Chapel Hill on Sat. :)
264249301910310912	18516728	negative	Iranian general says Israel's Iron Dome can't deal with their missiles (keep talking like that and we may end up finding out)
264105751826538497	147088367	positive	with J Davlar 11th. Main rivals are team Poland. Hopefully we an make it a successful end to a tough week of training tomorrow.
264094586689953794	332474633	negative	Talking about ACT's && SAT's, deciding where I want to go to college, applying to colleges and everything about college stresses me out.
254941790757601280	557103111	negative	They may have a SuperBowl in Dallas, but Dallas ain't winning a SuperBowl. Not with that quarterback and owner. @S4NYC @RasmussenPoll
264169034155696130	382403760	neutral	Im bringing the monster load of candy tomorrow, I just hope it doesn't get all squiched
263192091700654080	344222239	objective-OR-neutral	Apple software, retail chiefs out in overhaul: SAN FRANCISCO Apple Inc CEO Tim Cook on Monday replaced the heads... bit.ly/XQEhJU
263398998675693568	812957996	positive	@oluoch @victor_otti @kunjand I just watched it! Sridevi's comeback.... U remember her from the 90s?? Sun mornings on NTA ;)
260200142420992000	332530284	objective	#Livewire Nadal confirmed for Mexican Open in February: Rafael Nadal is set to play at the Me... bit.ly/WY4Vjy #LiveWireAthletics
264087629237202944	61903760	positive	@MsSheLahY I didnt want to just pop up... but yep we have chapel hill next wednesday you should come.. and shes great ill tell her you asked
250692636330049538	29023839	neutral	@Alyoup005 @addicted2haley hmmmm November is an odd release date if true but if it becomes big enough maybe she could sing it at Grammys
263304719471087617	564843841	objective	#Iran US delisting MKO from global terrorists list in line with Iran campaign: Tehran, Oct 30, IRNA -- Secretary... bit.ly/XSTGtd
263956867787673600	183985016	positive	Good Morning Becky ! Thursday is going to be Fantastic ! @SwedenG @DJ4JG @Grdina @Paverlayer @FSBull @RevkahJC @DicksTrash @borderfox116
263975113404342273	616166780	objective	Expect light-moderate rains over E. Visayas; Cebu, Bohol, Samar & Leyte have 30-70% chance of rains tonight! Expect fair weather tomorrow!:)
257343699460173824	10115042	positive	One ticket left for the @49ers game tomorrow! Don't miss the rematch of the NFC Championship game against the NY Giants! Hit me up!
264125591337463808	348691527	negative	AFC away fans on Saturday. All this stuff about the 'she said no' chant. It's bollocks. When he has the ball, just turn your back on him.
264259830590603264	183011479	negative	Why is it so hard to find the @TVGuideMagazine these days? Went to 3 stores for the Castle cover issue. NONE. Will search again tomorrow...
264223934403211264	117204603	neutral	@TrevorJavier the heat game may cost alot more...and plus I would rather see Austin Rivers play
264041764460036096	198706982	positive	Never start working on your dreams and goals tomorrow......tomorrow never comes....if it means anything to U, ACT NOW! #getafterit
264102295392882689	43577828	positive	@TheFFAddict I had Vick and Flacco, needed an upgrade. Vick may get benched, Jennings a back up again soon. I thought it was a win for me.
264071572925603841	43167117	positive	Looks like Andy the Android may have had a little too much fun yesterday. instagr.am/p/Rfzo6FInsj/
262115068320284672	306647135	positive	@APGPhoto oooh nice .. Tis tempting to go up the lakes with my Nikon ... Hmmmm I may do that ..
264239636799430656	864992245	objective-OR-neutral	BLACK FRIDAY Huge Saving Aerial View of a City, Paris Las Vegas, the Las Vegas Strip, Las Vegas,... prlasvegas.outdoorkitchennarm.com/black-friday-h…
257951107530252289	100101797	negative	@MelmurMel @PBandJenelley_1 @vl_delp_ham_ Jenelle lies,1st she said she was alone &the hosp.now she's saying how weird it was for Keiffer's
263502599699955712	138301329	negative	@MyBeautyisBrown LMFAO his big ass get on my nerves, you going to class tomorrow?
236665189502681089	551910244	objective	Mohamed Morsi, Egypt's Muslim Brotherhood president, instructed the Supreme Council of the Armed Forces Thursday... fb.me/1AIvanLJZ
262384414623936512	17091853	neutral	C'mon Avila! You just got tagged out by a guy who looks like the kid Bill Murray was researching in The Royal Tenenbaums! #Tigers
263936581734383617	108594490	negative	@thehuwdavies you think the Boro will beat Swansea? I'm not so sure, December/January is when we implode
249228128302551040	160639448	objective-OR-neutral	At the first Grammy Awards, held on 4 May 1959, Domenico Modugno beat out Frank Sinatra and Peggy Lee for the Record of the Year,with Volare
263346444772184065	566521127	positive	@JennetteMcHevan I have studied all day but tomorrow I'm going out with friends! :D Omg Jennette did?!!!! I'm gonna look! <3
263970913270251520	15794878	positive	Good morning Thursday. "Life is fragile. We're not guaranteed a tomorrow so give it everything you've got." - Tim Cook [Do it for Jobs!]
264162997088436224	93655075	positive	#Twitition Mcfly come back to Argentina but this time we want to come to mar del plata!!! twitition.com/p9clo
259821574394355712	23346086	positive	@Astrochologist anything. I wondered how the aspects btwn my sun/moon faired with my rising. I also have Venus in Sag...yea lol Thank u :)
263800856321859584	49032667	negative	My teachers call themselves givng us candy....wasn't even the GOOD stuff. I might go to Walmart or CVS tomorrow/
264011728084410369	24144230	neutral	#Broncos Peyton Manning named AFC Offensive Player of the month. It's his 5th such honor, second to Tom Brady's 6, tied w/ TD.
264120483384008704	533302080	objective-OR-neutral	@TooZany is bringing out Kendrick Lamar the 6th of December!?! Get your tickets now!
263939499426476032	37877566	positive	@jackseymour11 I may have an Android phone by the time I get back to school! :)
264056733691961345	23939440	objective-OR-neutral	Andre's Wigan Warning - #COYS Official Site Wigan might currently occupy 15th place in the Premier League,... tmblr.co/ZiAjGyWOM57G
261965816906534912	345065738	objective-OR-neutral	@juice005 strange enough, I'm going to see Noel Gallagher in concert tomorrow night. #alldayb1tch
263656013541027840	913170146	objective-OR-neutral	How are they going to act in new york with the subways out? They better clutch it out like Eli Manning 4th quarter
165044172858986496	160465887	negative	Homegrown talent missing on Signing Day: Throughout most of the day on Wednesday, the video scoreboard ... bit.ly/ztNRG0 #Raleigh
264230416897159168	142476472	positive	taylor swift is coming with ed sheeran june 29th? most perf news i've heard all night.
263809311086628864	175523498	positive	The great Noel Gallagher is about to hit the stage in St. Paul. Plenty of room here so we're 4th row center. Plenty of room. Pretty fired up
263797084673691648	372303578	objective	@lala_cox There are going to be plenty of ups & downs for Boro,Cardiff,Leicester etc until May.I hope we are still in with a shout for promo
264162375182217217	299885545	negative	@joeeewilliams that sucks, amazon might have some left .. hate that i won't have it until 11am on Tuesday though
264253780797825026	201148169	neutral	Playing as the Browns HC K. Fri in #Madden13, XFacalac lost to the Ravens 21-28 on All-Madden #ConnectedCareers
260193762398064640	33442620	negative	@rosanne_89 Nooooooooo rosanne! They've just restocked them and me going overseas Sunday means I can't afford them :'(
256237809147445248	478075690	neutral	The pain is far deeper than a Billy cundiff missed field goal. Gotta wake up and forget about it tomorrow. #Orioles #stayhungry
264198711113039872	113783053	positive	@grandvincenzo on November 16 be ready to head to the movies. Breaking Dawn: Part 2. (;
262977065568051201	73767786	objective-OR-neutral	after seeing @Iam_FaithReid's tweet about watching The Vow, I think I may need to watch it.
262068536187432960	90333241	positive	@jbmclendon And the same station that will air new episodes of COUGAR TOWN in January! @tbsveryfunny has been good to us, Jordan. #PennyCan
264215390773727232	276151090	objective	Alex Poythress had 11 points and 7 rebounds in his debut with Kentucky during an exhibition game on Thursday. He played 28 minutes.
245461530206932992	222961982	positive	I think I may have a heart attack for Jason Wu's new collection. So Charlotte Rampling in the Night pinterest.com/pin/6889106927…
263391524769898496	615354091	neutral	If I can get my equipment working correctly we will have a live show on Friday at 6 pm CST with contactee Ray... fb.me/1NKnb6ZhU
260248287255343104	407729607	positive	Amazing concert tonight with Jim White and the TCU Jazz Ensemble/Faculty Jazz Combo! Don't miss tomorrow night... fb.me/25EQZW3B0
256984347935141889	62265830	neutral	#Nationals 9th Inning had that "4th Quarter #Redskins" feel, didn't it? Coulda swore I saw Cundiff shank one from the mound.
256416307182985217	47208627	positive	Capello says time for Russia to win big match: Russia manager Fabio Capello on Thursday said that he intended to... bit.ly/Q1z5MC
259452211883569152	63808899	neutral	JACKALS GOAL! Jimmy Martin sneaks a rebound past Killeen to give Elmira a 2-1 lead. Bushee & Bellamy with the assists.1:09 left 2nd period
263732569508552704	369152026	positive	Kick-off your weekend with service! EV!'s Get on the Bus trip to the Boys & Girls Club is Friday from 3-6! Hope to see you there :)
264222052129574912	430519387	positive	@nater0driguez Lmfao alright u got me there. Good job Parker and the spurs, see y'all jan 9th. If I get an extra ticket to that game ur goin
213342054351257601	189656827	negative	Desperation Day (February 13th) the most well known day in all mens life.
255190216795639808	366751482	objective	@SunnyClifford We have a similar circumstance in Australia. Jan 25 is Australia Day & many First peoples call it Invasion Day.
264135339327766529	159343219	objective-OR-neutral	paul-and5homos: Harry and Louis are just fri- Eleanor is such an inspira- Harry is such a manwho- Louis is... tmblr.co/ZFia7xWPV8yE
263079812954992640	392639346	neutral	#web Apple software, retail chiefs out in overhaul: SAN FRANCISCO (Reuters) - Apple Inc CEO Tim Cook on Monday replaced the heads of ...
264088457490604032	509707361	negative	"@PaperChasinAL: Damn next Saturday tho" Niggas was trynna get shit over with #early
263132960507703296	449609540	objective-OR-neutral	and the 4th one is for Harry Styles!! <33333
259022549604790273	204793455	objective	Blog Post: MTV's "Teen Mom 2" Returns for an Intense Third Season with Chelsea, Jenelle, Kailyn and Leah on Monday,... dlvr.it/2LLcQV
253050608322502657	200261099	objective	The Business Leader's Award ceremony will be held during the @wef annual meeting in Davos on the 25 January 2013! endhumantraffickingnow.com/?portfolio=bus…
263919760503361536	87970697	positive	Hoping to look FIT tomorrow on the Jeremy Kyle show #ITVFashion
264203403473850368	853146211	objective-OR-neutral	@Jordon_Atkins me you and joe gone chill Saturday of i come tho
264242024453111809	45450902	negative	"Obma fails 2unite us, he divides us by sex, color,party,age, wealth Nevada's 1st Latino governor votes early for Romney, predicts GOP win"
256787668367704066	610413207	positive	Grammys concert pays moving tribute to Whitney Houston: Whitney Houston was given a final sendoff by the Grammys on Thursday as Halle...
263865575313383424	410051441	neutral	We tallied up the votes and are announcing the winners for Calling All Communities! Tune in uscellular.com on Nov 1st at 11am (CST)
259224351478521856	20050520	objective-OR-neutral	It's Radio 1 Rocks next - week starting off with a Live lounge on @fearnecotton's show with Bullet for my Valentine on Monday
246760239221858306	7532872	positive	Drew Peterson is #Untouchable no more! Check out these movie photos before you watch on Sun at 7/6c: bit.ly/QZkoK1
262862262270820352	601803511	neutral	@HotspurRelated im just a 19 year old still on loan for the 3rd time at coventry 79 overall hopefully when i return bale will still be ther
264084352340742145	388974334	positive	PUMPED to open the season tomorrow night against Georgetown! Women's Preview: bit.ly/QXekV7 | Men's Preview: bit.ly/QXemfI
264160761117552640	32215290	negative	Just found a piece of candy that may have been injected with something. #Why
263319006063259649	432174507	objective-OR-neutral	Apple shakeup Mobile software boss eased out: Apple Inc. CEO Tim Cook on Monday pushed out the powerful head of the company&#039;s mo...
263799123847806976	22100843	neutral	Somehow I managed to "lose" my princess leia bra on Saturday. I'm going to Noel Gallagher as "Glock at Phish" ie jorts&tank. @custymcnoob
263924763423035392	27133567	neutral	@docbungle I may relent and get one myself, but I hope it doesn't come to that. Hopefully all the decent apps will get ported to android
264183514176552961	316127177	neutral	Android 4.2 Camera app with Photo Sphere now available for Galaxy Nexus: Introduced on Monday, Android 4.2 bring... bit.ly/TffDi7
262575945741914113	31121565	positive	SAEED: #NowPlaying: BEP, Ricky Martin and KT Tunstall! Great songs to get you through your Sunday! Hate the rain!! boltonfm.com/listen-live
263921038352580608	213263464	neutral	@juliecrawley25. @GininjaDesign. @Donna_Butlin. Nope, it's just Camden, eating Greek food with a pumpkin... Just another Wednesday.
263748118091276288	785067278	objective	FAQ: What is 'skeuomorphic design' and the executive shakeup at Apple: SAN FRANCISCO, CA - MARCH 07: Apple CEO ... bit.ly/T89gNo
263651627372777473	19594426	objective	Fact of the day; Halloween night is Papa John's second busiest night of the year behind Super Bowl Sunday.
257369508086423553	531994655	positive	Omg. Ricky Martin may be gay but he is one fine ass gay man.
264249493787136000	260882576	positive	@lenakoncha the Clippers are playing the Cavaliers on Monday and are having a night to honor Israel! :) wish you were in LA STILL.
261434845773828096	391892475	negative	Noel Gallagher: "Musicians are fucking idiots." - Yeah, Brian May - he's an idiot... an idiot who just so happens to be a professor?
252798281413967872	23075654	objective-OR-neutral	Vow is likely to return from a midsummer break in the Prix de Royallieu at Longchamp on Saturday. bit.ly/V6sjMm
264182638816919552	446301191	positive	@HOPE_forHippies Hell yea lmfaoo , & see you tomorrow Asia baby (;
264138191030874112	850357831	neutral	@Real_Liam_Payne I wanted you to know that here in Argentina is going to make a directioner fest 10 November te Amo TE AMO te amo!
263864248952836096	609103932	neutral	Its November already.. Christmas will be here soon, then New Year, then Valentine's day then GRADUATION?!?!
263972222677417985	229497776	positive	#NowPlaying Michael Jackson - She's Out of My Life (Live At Wembley July 16. mjtunes.com/michael-jackso… L.O.V.E it! #MjTunes
263867263474597888	428841738	negative	Niggas be on the LAKERS DICK...we still gon finish damn near first seed...while yo team be struggling for the 8th spot
240553933116944384	533752023	positive	@RediTlhabi @StevenB7777 OCTOBER people have principles..& argue passionately for them, about them & ACT on them. Ghandi, Sadat, ADT, me!
261642731477168128	372012787	positive	@amberrblack amber fantastic news!!! We will reunite with Barbara and jenelle on November 21st when teen mom 2 premieres!!
246320271248744448	206354030	positive	I'm in the bathroom bumping "Niggas In Paris" Crunk ass hell like it's my 1st time hearing it this song will never get old lol
255690502970671104	18712398	objective	Just got tickets to see Muse in Florida. That, combined with the Grammys two weeks prior, equals a really busy February for Ruby and myself.
261632295520333826	217685779	objective	Battle for the 17th banner: Royal Rumble basketball edition
261184553337630720	244570235	positive	4th Album out #RED, #20MillionSwifties, 6 Grammy Awards, 10 AMAs, 13 BMI Awards! Reigning Entertainer of the Year ACM! #6YearsTaylorSwift
226474708487532546	59060233	objective-OR-neutral	Smooches from Fido: Yea or Nay? - July 6th was International Kissing Day (of the human sort). Later in the month, Ca... ow.ly/1lwzys
247183266782789632	260477688	positive	It's midnight on the east coast which means its @nickjonas birthday! HAPPY 20th BIRTHDAY NICK J!!!!!!!!!! <333
251742524601925633	610495100	negative	Apple CEO apologizes for error-ridden new map app: Apple CEO Tim Cook apologized Friday for the company's error-ridden new mobile map...
261706811453886464	79601816	neutral	Monta Ellis / Ellis provided just five points on 2-of-13 shooting Thursday goo.gl/fb/rh1J8 #nba #playersnews
258989036205662208	25393624	neutral	When I teach a basketball in my own school, we're gonna spend the 1st day watching Larry Bird videos, & the rest will take care of itself.
264084748345962496	747406040	objective-OR-neutral	AT&T offers free cloud storage for iOS and Android AT&T on Thursday announced a new service it calls AT&T Locker th... cnet.co/RxB7aa
263794433596723200	41680302	positive	We are here @NBCofChicago for our 12th Anniversary celebration. You still have time to make it - 6620 S. King Dr
237571817550786563	727519172	objective-OR-neutral	@KarimAndSugar I told you Shane would get his 5th-star on Rivals before Signing Day. @Taylor_McNeill7
263449315350032384	295403177	objective	@mysticvalley Mitch are you free on Sunday to bale leaves for an hour? If not no big deal you can have them for animals
252330752665075712	268248070	positive	Love how I skipped every category of the NTA's besides the soaps. Couldn't give half a fuck if everything else went off the air tomorrow.
263610933568499712	302256936	negative	@starky88 @nfl_uk Was in on sat and they only had the Ray Lewis home jersey. They didn't have a lot either.
262903244886507521	575902991	objective	New York Giants: Game-by-Game Predictions for the 2nd Half of the Season dlvr.it/2PF10l
264240983032614912	123520382	objective	C'mon c'mon does sound like Queen's we will rock you somehow...
264055660864487424	346867096	objective	Pick the Chelsea team to play Swansea - Chelsea's focus now turns back to the Premier League and on Saturday we make... ow.ly/2sZ1js
247772918384320512	19885888	neutral	@MarkUkLeaf I just had a look and it seems Nash to Davos is a done deal along with Joe Thornton. I may have to pay a visit...
254032799680589826	412603173	positive	My mom just texted me reminding me that Grammys birthdays tomorrow.. HOW COULD I EVER FORGET? #BiggestDayOfTheYear
262206571201822721	185101254	positive	@ariaclemente Wow! you're also a percy jackson fan! :-) The 4th book of Heroes of Olympus will be entitled "House of Hades" @camphalfblood
264143294903246848	331180650	negative	Esperance will be without star player Youssef Msakni for the first leg of the Champions League final against Al Ahly on Saturday. #AFRICA
263247166582173696	45671664	negative	@chrischris__ The Sun: Paolo Di Canio says beating Aston Villa tonight would be like having sex with Madonna. #legend
226238092191875072	141284401	negative	OBVIOUSLY, i am not a fan of Dream High 2 and i haven't even watched it! well, i watched the 1st ep,that's where i heard that song!^^
258887925075410944	37007849	positive	Black History Fact: Marsalis is the 1st and only artist to win both classical and jazz Grammy Awards in one year, and to repeat the next yr
263530816162902016	323297690	positive	Watching David Letterman with no audience but playing like they are still there is the 2nd most brilliant thing I've seen tonight.
246588959247974401	67771614	objective-OR-neutral	Gov. Mitch Daniels will announce his Indiana Supreme Court pick at 10 a.m. Will the 3rd time be the charm for a female member of the panel?
263753326422806528	18013192	objective-OR-neutral	Most common nights to order pizza: NYE, Jan 1, day before Thanksgiving, Super Bowl Sunday, Halloween. p-bu.mp/msp-
257865075933728771	413586409	positive	The Grey and Yellow Gold Wedding Puzzle is now up with the first piece being a unique two-tone dress by @shopbop! piecefulwedding.com/puzzle/31/Mond…
262380235985657856	40098249	objective	HARAKAH: Iran army monitoring all ships in Gulf: TEHRAN, Oct 28: A senior commander of the Islamic Revolution Gu... bit.ly/VSN8MS
263740861031010304	16380085	neutral	HT: Norwich 0-0 #Spurs. We've edged the 1st half without creating any clear cut chances. Bale's had a couple of decent long range efforts.
264226988879933440	26639468	positive	Guys, the Marijuana law in Colorado, Oregon, and Washington can pass this Tuesday. #HighHopes
254600864868749313	59459031	positive	Breezin' won the Best Pop Instrumental Performance at the 19th Grammy Awards
248234871238037508	51264823	objective	"Pacino is going to play Joe Paterno. This is the 2nd time he has starred in a film, that has the line 'say hello to my little friend"- SNL
264161130585399297	163101429	negative	Not wearing make up to Dublin tomorrow until I'm getting ready for the party. Help.
263953741877764096	341470410	neutral	Snow may fall for parts of CNY the next few days. Find out where the best chances will be at 6:42 am on TV & online: 9wsyr.com/content/mediac…
204001339599106048	160648260	neutral	Cofield draws leadoff walk in top 4th. Zaharion at the plate.
257332145687785472	328656254	objective-OR-neutral	@BieberGomezTour aww my celebrity day is this thursday also, going as Jennifer Hudson though :)
263976883354480640	497155084	objective-OR-neutral	Sat down to watch Michael Jackson this is it on DVD xx
256395784038277120	163198967	objective	On the set of the Axis of the Nigerian Economy, airing every tuesday 8:30pm on NTA international (DSTV) lockerz.com/s/252184437
261769579544584192	20096243	positive	Text from my dad: "you like Charles Dickens" 1) obvs looking at my amazon wish list (too late for Sunday) 2) why th surprise?!
264167430564237312	17781471	negative	Upset alert in ACC men's soccer: #1 Maryland down 4-2 to Wake Forest late in the 2nd...AND down a man after an earlier red card.
262627821908815872	28844188	negative	really bored of this host on Super Sunday doing nothing but talk and rave about Man Utd #BiasPrick
258836119532228608	25483231	neutral	I may have missed out seeing Noel Fielding and Rich Fulcher today, but I did just see Tom Tilley! #samsimmons
258625516481953792	134881721	positive	Looper was amazing!!! Now to the theatre to see Simon Callow's 'The Mystery of Charles Dickens' ...loving my Wednesday off work :-)
255848522581164033	363795716	objective-OR-neutral	Negros and nigglettes, all who would like to attend the a$ap rocky concert on November 17th at starland lemme know tickets are only 25
264105390818619394	812898906	positive	Wish Maddie luck next saturday, she has a solo audition for Britain's Got Talent! :) ~ Ellie xxxxx
241225651074527232	39010302	neutral	% of Joe Pa masks at Penn State Sat? Or will PSU by allow then in the stadium? Is it bad to wear it? @Espngreeny
256018140318822400	580515576	negative	@MeganWitmer that's crazy. I'm more jealous of u going to Joe Pa's grave! I was sad Saturday when I walked past where the statue should be:(
263362769011748864	27020138	positive	Mizzou commemorates its win over Kentucky with a T-shirt. No, really. | Dr. Saturday - Yahoo! Sports sports.yahoo.com/blogs/ncaaf-dr… #fb
260036217008185344	278137824	neutral	@FruitPunchToday lol that was our only year we may have had a chance at the Superbowl. Now we must wait until Nick Foley
263706155778441216	27556859	objective-OR-neutral	@Vikingdane1 Thinking a bolt action .30-06 may have to be in the cards for Valentine's Day or something.
223045564571459584	305277813	positive	Happy Valentine's Day!!! @MAziing: Everyday is the 14th!
263961750142062592	441531846	objective-OR-neutral	@xBecx92 it may be Indian time tonite Becky :-) xx
263704789186117635	38615758	positive	Just watched The Campaign with Will Ferrell and Zack Galafianakis... Good fun for a Wednesday. #Hilarious
262778055402090496	22513829	objective	@sumeetkulkarni Season ends with Superbowl in first week of February.
260799759097421824	15659445	objective-OR-neutral	@HilciaJSu Your review reminded me I still need 2 read the very 1st Percy Jackson book! Heroes of Olympus is an offshoot series from it?
260949777687117824	32704887	neutral	Crazy I was in a meeting with an old NBA player that was picked 3rd before Larry Bird
245532165637545985	34014706	negative	As an introduction to Literature we wrote about The Woman In Black, not something I particulalry want to read, may just cry #ShitMyself
264060311764619264	851106050	objective	"@Ilovedoobz: @Patty_flipping I did, the other new is in today, northern lights......" I get payed tomorrow!
264202743877615616	21069858	objective-OR-neutral	Just finished rehearsing with @DWHY - we are ready for the Kendrick Lamar show tomorrow, shout outs to WVU... pic.twitter.com/d76r8YZH
262834360129036288	800315304	objective	I posted 12 photos on Facebook in the album "Super Sunday wid Shobhit Bhatia......" fb.me/1JmuY1mc9
264215340576284672	82125212	objective-OR-neutral	I been watching "All-Access Kentucky" every wed and it has been making me like these young dudes on Kentucky.
263098506644955136	141049123	objective-OR-neutral	##$$## Black Friday Deals Nikon D3200 24.2 Megapixels Digital SLR Camera with 18-55mm NIKKOR VR Lens, Black & Nikon ... bit.ly/S9YhCg
228956189000597505	501134907	positive	Han mon dieu le remix de I am the best dans Dream High 2, je meurs XDDD
264203931645775873	27777925	objective	You do not want to miss this tomorrow night. RJ is moving to Maryland soon, and we have a truly epic set planned... fb.me/AMwhaYVv
260920467324555265	361434318	neutral	Don't forget Mitch Daniels is going to be on Steven Colbert's show Thursday. Think this will come up as a topic?
264127995424423936	62680567	neutral	@BarackObama: I would think you would do that if you are running for POTUS. It may be part of your job someday.
263398004801798146	245624274	objective-OR-neutral	@kdbowe But how you gon handle it if you are announcing ON SUPER BOWL SUNDAY?!! You might put that gold back in yo grill.
263953846492094464	463441798	objective	@Dapper_Dan1988 I have plans to go to CVS before work today and get something. That may be what I get. I'm going to quarantine myself today
252650346873245696	275414774	objective-OR-neutral	iPhone 5: Apple CEO pledges to improve new map app: Apple CEO Tim Cook apologized on Friday for the company's er... bit.ly/Qh579n
262497514995978241	14989779	neutral	Full Moon:Oct 29th. You can read more if you have your Sun Sign in Libra, Scorpio, Sag, Cap, Aqua or Pisces bit.ly/XDRWE1
256787832453079043	199690203	neutral	Drew Peterson may be convicted, but there is still conflict going on ow.ly/eqDBF #whenwillitend #localnews #chicago
264067944458371072	28896087	neutral	@WFAN660 Paterno wouldnt be charged. All hearsay on him and he did do his job (minimal as may be). He reported it. Rest is speculation.
263918513083781122	389925947	negative	With all Benson's attention, Frankie feels like a forgotten stepchild. Lets 'founding father' him so he know we will never forget 2nd place.
262954361427222531	724506216	negative	Police, protesters clash at Republic Day march in Turkey: On a day marking the 89th anniversary of the founding ... bit.ly/XM0AAg
263664302882443264	377060725	positive	I will be participating in a Google+ Hangout with @TheEconomist tomorrow! I'm SUPER excited! Check it out: plus.google.com/u/0/events/cje…
264074076706983937	337308259	negative	@buckbelue8 why do you think Murray may leave? No way a team drafts him before the 5th or 6th round!
263795814470664192	521532492	positive	Aww love you Austin Rivers and happy to see you get start in 1st NBA game...but it's against my boys, LETS GO SPURS! #Spurs #NBA
260851260956221440	242895807	positive	@TeamStradley mines personal thinking Tebow is better then Flacco. I don't care how bad he played Sunday
263646437458452480	155762352	positive	@OilOnWhyte @albertaoilfire another center? Gagner is a good cheap 2nd line option that we can afford and keep the kids.
264187997887541250	131042222	negative	@politicalwire I'm still shaking my head at that decision and that the Heat & Knick are actually playing tomorrow at MSG.
264174898807717888	463661547	negative	the glass may be rising, but it's not getting any warmer here, Lago del Desierto, Argentina tmblr.co/ZdR5KwWQChR0
264245625682554880	58297064	positive	Wish I could make that trip to Athens on Tuesday @iCaptainMorgan
263186967615905792	610467658	neutral	Apple software, retail chiefs out in overhaul: SAN FRANCISCO (Reuters) - Apple Inc CEO Tim Cook on Monday pushed out the powerful hea...
256416307182985217	47208627	objective-OR-neutral	Capello says time for Russia to win big match: Russia manager Fabio Capello on Thursday said that he intended to... bit.ly/Q1z5MC
262953053659996161	36210889	objective	I'm hosting the Day party @ Spartacus Friday From 2-6 and then @ Spy in Raleigh that night!
263701469289644032	129412273	objective-OR-neutral	"Eli Manning hopes the Giants can uplift the spirits of the millions affected by Sandy in NY with their game against the Steelers on Sunday"
225956951136292864	465974864	objective	@_AllBelongs2Me_ the McCormick Place....rite here by the hyatt hotel on like 23rd nd King Dr.
256340930414645248	124869414	positive	Fabio Capello: "From what I've seen these days I can assure you Russia are capable of getting a good result vs Portugal tomorrow". #cantwait
264139268249763840	17436164	neutral	@bbberb not necessarily. In Nevada it may help Obama because its one less vote for Romney. But I know what you mean hah.
264230079494770688	297382357	negative	Parker, Leonard steal OKC's thunder: Ninety minutes before tipoff Thursday night at the AT&T Center, Oklahoma Ci... bit.ly/Ry8xDI
264155231804346368	535941624	neutral	@_Sherwood12 he's on the plane to Amsterdam now, bet he's not in class tomorrow
264063574035533824	494035942	positive	@_bethanygarland I really wanna go to one of his things! Did you watch his new thing on channel 4 last Friday? xx
263640783863816192	214139359	negative	I -may- be the only girl on the face of the earth that DOESN'T find Channing Tatum attractive. #callmecrazy #justsayin #donthateme
259535556055269376	28207562	neutral	Cold pizza and Mass Effect 3. I want my leg healed!! Going to look up some voodoo shit. I'll be walking, jumping and running tomorrow.
261545687106322432	25181326	positive	Remember Cupid at Convo last year with the bomb candy bar?? If you liked that, you'll LOVE next Tuesday's Tr instagr.am/p/RN22SIgREH/
263453340925583362	59055457	neutral	Channing tatum will be in white oak tomorrow...for all you stalkers out there
264152762026184704	287288414	objective-OR-neutral	@Brett_Elliott8 I fly that Saturday the 15th from Detroit to Amsterdam then up to Newcastle
263760959779241984	20727102	positive	Games played during the week are now more interesting than Super Sunday!
261624197380460544	281520735	objective	#hulu Video Game Trailers - Launch Trailer: Check out the launch trailer for Mass Effect 3. Added: Fri Oct 26 00... bit.ly/Y0T17V
257315024354279424	28660297	positive	@Pastorjoshg @corylethgo @KevinCabe @kcabe21 I'd watch Cougar Town over this any day! January 8 on TBS. Very funny. #firedooley
264096683766456320	93522700	negative	Stacie just hit me up and said my packages might be up here tomorrow if that's the case I'm not going to the rave in San Fran. #priorities
263773432750157824	268893346	objective-OR-neutral	Of course it's Aston Villa. Played them off the park on Saturday. Bring it on!
264169849067028480	372547953	negative	Give me 5 mins with Candy the dancer from Deja Vu I'm nutting on my 4th pump she that bad lol
263718726627627009	263579038	positive	@heeydems Do you know ?they may not but we're so fond of all the countries . Uh,happy Republic Day .
264195024135286785	57000820	positive	@shootingrocks cof cof~ someone is going to Germany on november 30 ...oh I really envy you :) c-jes.com/ko/news/detail…
263331726942691329	70257698	positive	Thank you snow for cancelling classes today. Now you may stop snowing, so that I can drive to Chapel Hill tomorrow. I'd really appreciate it
260232337051230208	223305414	positive	Chick in my class said Flacco is the best QB in the league. 1- why is a chick talkin football. 2. I cant wait for class tomorrow lol
264243566207975424	14931166	positive	#entrepreneur #angelinvestor pitch in on the new birthday party / Super Bowl Sunday treat indiegogo.com/projects/265398
226345220239925249	42909123	positive	#OilersMobile: July 20: Sam Gagner | bit.ly/LCw6gl- @gagns89 nice to have you there for at least another year!
241625219050123264	41202626	objective	Mohamed Nasheed's Press brief about CONI report - 31 Aug 2012: youtu.be/Z-_CRJFfNN4 via @youtube
261563757212360706	67845619	objective	Calling all reality TV fans: We're inviting LI reality TV stars to join a Google+ Hangout on Sunday and you can too. bit.ly/RWF8mY
256408189157916672	62631820	negative	Honesty is often best policy: Fabio Capello, Russia coach: "I was hoping Ronaldo's injury was more serious so he couldn't play tomorrow."
264221978607636480	59342982	objective-OR-neutral	Dinner in Athens with my friend, @stevebeuerlein. Preparing for our game on @SEConCBS this Saturday. #OleMiss #Georgia pic.twitter.com/4QqWxtnd
264218982926655488	51887927	positive	@Yvette_Elena :) Most def, i think when you come tomorrow the boys will be here.
263803981384515584	243903348	negative	This is Austin Rivers 1st game and people sucking him he a rookie chill !
264247456424935424	429312292	neutral	@goatmilkstuff Hello. May I ask how did you get on set of Castle?
225311712008617986	182784794	negative	@HockeyyInsiderr " @OilersNow: Gagner's agent says talks continue, will have hearing on Friday if no deal" MSM just proved you're #clueless!
244715076228096001	40362193	positive	The Woman In Black - the legendary ghost thriller, touring to Dubai and Abu Dhabi in November & December. More... fb.me/xmTIHGwM
264107216578174976	27952164	neutral	Can it please be Wednesday and POTUS has been re elected. Then we can move this country #Forward!
264214318327947265	57722479	objective-OR-neutral	Jacksonville really sound like the move tomorrow
264134721938808832	628912797	objective-OR-neutral	#ASimpleLife opens tomorrow at Lee's 4-Star in San Fran - Roger Ebert called it "one of the year's best films" lntsf.com/4-star-theatre…
258349170107224065	832164745	negative	@JessieWagnon @tcswagg NOOOOOOOOO!!!!!! Maybe you can just look over it right before the test tomorrow and do that first
240753714661584896	329047546	objective	#hcafc loan keeper Ben Amos named in the England under-21s side to face Azerbaijan next Thursday and Norway on Sept 10.
264182339536564227	120627815	neutral	@SteveRattner @JoeNBC @morningmika My friends and I are betting Joe wets his pants when he sees the whopping Mittens will get Nov 6
264113005078405120	19816683	objective-OR-neutral	Me and @hayleyrose booked in to see A Good Day To Die Hard on February 14 2013 (Valentine's day).
264208558336389121	112878558	positive	"@AmianaTyransky: Frankie: I think I'm gonna have a date with my bed tomorrow Me: same." That's my boy
246776355558129664	98698262	positive	Pray for Mohamed Morsi the new President of Egypt that he may continue to be a leader for freedom and peace. lockerz.com/s/244401131
261540587801563136	35143403	negative	Axl Rose needs to just give up. Now. Not later, not soon, not tomorrow. NOW!
264214825096314880	95521694	positive	Shout out to my boy @JshapMMA who fights tomorrow night on the Las Vegas #rfa card. He's put in the work so I don't need to wish him luck.
243725520724967424	119035535	objective	If you're on the Isle of Man next Thurs, I'll be talking about Safe House and signing books at Waterstones from 6.30pm. @WaterstonesIoM
259724822978904064	624790220	neutral	PBR & @mokbpresents bring you Jim White at the @Do317 Lounge on October 23rd at 7 pm! ow.ly/etb1D
263610234029879297	38781991	positive	Happy Halloween!! Starting this wicked Wednesday off listening to Pink Floyd and Leonard Cohen. Get to take my boys out tonight! Yay!!
262582875520643072	195836839	negative	I wonder what Cortese is thinking after watching that 1st half of total wank? As for Boruc you are a disgrace and a complete TWAT. #saintsfc
263820165685321729	449401860	negative	Sad I won't get to see @ZachMTV on The Challenge: Battle of the Seasons tonight :( I guess I'll have to wait until next Wednesday..
229228895621242880	116079056	objective-OR-neutral	July 28th National Milk Chocolate Day. You might say milk chocolate is the star of the chocolate (cont) tl.gd/iifuck
261455260277678082	568399773	objective	On Sunday November 4th Olympus experts will be on hand at the Currys store in Cambridge. From 10:30am until... fb.me/Jnyk3a5s
212393879876534274	175959942	positive	Happy Valentines Day <3... only if you live in Brazil, otherwise its just another irritating Monday.
248975354910371840	29583575	negative	Okay me and @megnicolelewis are about to watch The Woman In Black. This may be a terrible night.
264096361081884672	510441175	positive	@Real_Liam_Payne Saturday I buy my ticket for the #TMHTOUR in Belgium! I'm so happy!!!!
261430691764506624	274713038	positive	This goes way too fast :O Its been already a year that I saw Avril Lavigne in concert <3 October 25 2011, one of the best day of my life :D
263171128149815296	11096152	objective	Harry Redknapp is set to hold talks over the Blackburn job on Tuesday as he prepares for a return to management (Mail)
264252471612932097	393771920	neutral	@SupremeJuice_ go to the bell game tomorrow I'll take you for. A littlle whippa
263947715766005760	122432507	objective-OR-neutral	So many choices of gigs this saturday night. The IBB at the Rugby club (which one, there are two up Twmpath?) and... fb.me/IXHJC9hD
248955920997023744	16741035	neutral	@multiplexer How does it compare to Diablo III (regardless of how fair that comparison may be)?
261279987494166528	340742345	negative	"How many continents was The Challenge filmed on?" "21?" okay, what did you fail 2nd grade?
264145074210889728	440921948	positive	@TimOcchipinti Were going to be at Boys and Girls Club to clean tomorrow at 10am. They told us to bring boots and gloves. All are welcome.
263973153271865344	467855280	objective-OR-neutral	Last hectic day in office b4 3 weeks in ASIA. 1st to IFEAT in Singapore. Then Taiwan, HK, CHINA.Then 3 wks of jet lag!Gets to me every time!
263651843727585280	197837325	positive	David Letterman had an interesting show on Monday. He is located in New York City. Because of the hurricane he... fb.me/1VZJfwcHu
264071379333287936	407070993	neutral	Anonymous asked: Just realized while watchin fri-end that the youtube account that uploaded the video is... tmblr.co/Z6RXowWOWK1Z
264039839274528769	29458389	positive	November: my birthday month, election day, a weekend in San Fran with @AdamRGarcia, Naples for Thanksgiving, lots of friends & family. YES.
261186156023144448	515983227	negative	I've been on TV a few times now. Still waiting for the call from ITV about Dancing On Ice though. Starting to think I may be TOO famous.
255746035350130689	567009037	objective	Slap Shot: Nash, Back From Injury, Skates for Davos: Rick Nash of the New York Rangers returned to action in Switzerland on Tuesday.
263504385475231744	146202708	positive	@AP I hope they make sure to take care of Eli Manning, Giants Vs Pittsburgh on Sunday #NFL
264041945029033987	40975097	negative	@jenscibs they canceled the Frankie date that was supposed to be tomorrow. So now everyone is going to the rescheduled show in South Bend.
263014553376419841	191802096	neutral	I've got 2 tickets to see Leonard Cohen in Rosemont, IL on November 23 that I can't use. Anyone interested? Face value is about $300.
167262194898182145	321930538	positive	WWE #raw should be interesting next week. The Road Dogg returned to WWE at the Royal Rumble and Shawn Michaels is going to be on Raw Monday
261556214624837632	367926720	objective-OR-neutral	I'm far too stressed about finishing this essay for tomorrow, so I shall minimise it and play Temple Run. #ProblemSolved
263345345407373312	439559950	objective-OR-neutral	Saturday Night Live Jeopardy skits with Will Ferrell >
254805712297943041	321128818	positive	"Kendrick Perkins led the league for the 4th year in a row in SPM (Scowls per minute)" literally laughed out loud
262484216678334464	222378487	objective	My #MUFC XI for Super Sunday: De Gea, Rafa, Rio, Evans, Evra, Clevz, Nani, Young, Roo, Chicha, RVP. What about you?
264047678986518528	427501529	positive	Eli manning best 4th quarter QB in the game!
264200538864906240	234274491	objective	I don't want a love like Jonny and June, I want a love like Blake and Miranda.
263813152771276801	19077044	negative	Lin picks up a loose ball and just trucks Stuckey. Unfortunately, that's not allowed, to bench with 4th foul as Pistons reclaim lead, 67-65.
261131735209758720	274764708	negative	Not sure what im going to be for halloween yet. Sun Shine is just too obvious, Larry Bird is the front runner as of right now.
255696814286729216	159068839	neutral	If Cundiff would've made the Field Goal Sunday, I could've been eatin' a free 6in sub at Subway for lunch!
263212085226385408	382033254	positive	Me personally don't see Grammy playing AFL again still 28 but i think he'll turn to something else now. Best of luck with what may be next.
264143133313495040	84660127	negative	I feel do bad.. My boo Asia bday event maybe cancelled for this Sunday!... I was soooo looking forward to it
256609527783358464	101616998	neutral	Dirty Jim had to close that one out. If not, he may have started hearing comparisons to Cundiff in this town.
264213155645890561	35667504	neutral	After the Mid Tennessee vs. Western Kentucky game, I hear they're gonna play the 2nd annual Ogalla, Nebraska Snail Chuckin' Pageant.
263622137858912257	137663720	neutral	I'm going to Bullet for My Valentine at O2 Academy Glasgow in Glasgow, United Kingdom - Mar 13 bnds.in/Tu6iFA
254268201641312256	559416098	neutral	It's Friday and the Soul Train is firmly parked in PRI for the Soul Show on the Radio, C'mon Perth get your requests in for the next hour :)
262052696159309825	709958120	objective	People & Power travels to Egypt to see how the April 6th activists have been faring since Mohamed Morsi's election.
261566453730398208	278680615	objective-OR-neutral	Next Tuesday is D2's Chocolate Day! With Halloween right around the corner, this is sure to curb your candy craving: ow.ly/eM2NY
264110605730988032	114586489	positive	Shit, yeah, it's Thursday, Russell Howards Good News and Celebrity Juice is on
264181656154435585	344213233	positive	Pretty good Thursday night with @juliecbirch! If only Rivers would stop sucking so bad! # @ Qualcomm Stadium instagr.am/p/RglngGyx6o/
259825309275283456	173908484	positive	"My Heart is Gold, my Twat is glass, c'mon baby can't ya see?" Yes..a glass twat..better known as a "womb with a view" ;D LOL!
264256081998516224	20747392	positive	I'm so good at gambling. I just owned Las Vegas. Leaving tomorrow morning for a weekend of dog sitting and homework. Not a bad week.
259037171091132416	17114749	objective	Who's on Google+? We want you to participate in a live Google+ Hangout with AnimalSense next Wed 10/24 at... fb.me/1l1MgJwYG
263987745465192448	379004709	negative	I can not change yesterday. I can only make the most to day, and look with hope toward tomorrow. (Anonymous)
259720938365542400	15825389	positive	Had a wonderful workshop on Thursday at SAG office with Carol Nadell of Selective Casting. She is such a... fb.me/1KeUoF4v7
264197142246223873	114526646	objective	@sarahjenne 2nd the Ryan budget was from many years ago, most recent didn't include that and Mitt's said many times he's the president and..
263401784637272064	748026608	neutral	Why does everyone want to give Eli Manning credit for every win. The truth is Sunday's game should have been a blowout.
260624498787762176	335630017	neutral	Charles Dickens may just have been me in another life. #thisisme instagr.am/p/RHUKVDRUyz/
264175859634679810	896479644	positive	Going to Buffalo Wild Wings tomorrow with my life long friend Israel and my brother.. That's what I call a good night. #KnicksNation
264178691364495360	30348942	positive	7:15pm tomorrow night I have a date with Denzel! #Flight I can't wait!
251751315477258241	444713321	positive	Apple CEO apologizes for error-ridden new map app - Apple CEO Tim Cook apologized Friday for the company&#039;s erro... ow.ly/2spR6O
264045439119134721	51291182	positive	New Die Hard movie coming out Feb 14.. Looks like Bruce Willis is going to be my Valentines date:o)
263968608470843393	145415756	positive	I liked a @YouTube video youtu.be/Jm2JFTdLqbI?a Anonymous - Remember, Remember the 5th of November
261731552520724480	226681200	positive	Hello man in pointy, multicoloured, snake skin cowboy boots, a suit and Axl Rose's hair, you've made my Friday heart even happier.
264164039842742273	766415527	objective-OR-neutral	REAL America will stand up for itself on Tuesday and make it count. Mitt is ready to lead us out of our Jimmy Carter funk we're in
263459950930567169	37758687	objective	@LanceFischel5 Dana asked when Chael started his job with FOX and Chael response was Oct 1st on FUEL TV
226499790366720000	256743609	objective	Hmm, I think I am living the movie Ground Hog Day, Grandma Jan and Isaac are back again this weekend
260867954479083521	546244454	positive	Me; 'ill bring your birthday card in on Friday' Kane; 'aw really? It's the thought that counts I'd prefer a tv' Twat
262815040963493888	17697584	objective	NFL News: New York Giants: Game-by-Game Predictions for the 2nd Half of the Season dlvr.it/2P8ftv #Football #NFL #NFCEast
264184542305345537	39872392	positive	Gotta go see Flight tomorrow Denzel is the greatest actor ever
258662254441009155	18751577	negative	@yvettenbrown Damn, I just got Cougar Town cupcakes and was going to bring them tomorrow to share. I *shouldn't* eat all 12 alone...
252136824963739648	285343906	neutral	#ladsontour mon the boys !!!!!!!!!!!!!!!!!!!!! theres only 1 thing missin #BANJOOOOOOOOOOOOOOOOOO how NOOOOOOOOO
262905551233613824	141049123	objective-OR-neutral	##$$## Black Friday Deals Olympus OM-D E-M5 16MP Live MOS Interchangeable Lens Camera with 3.0-Inch Tilting OLED Tou... bit.ly/S8afN0
263507092227383296	277852448	negative	Kobe in the 4th is like Eli Manning. #Beware
263995720112160768	210045549	objective-OR-neutral	Wednesday and Thursdays will be a struggle at work once the Champions League resumes *GMT +1*
263893912748425216	25003901	objective-OR-neutral	Also need to be at least accredated in ACT or REBT before the end of 4th yr.
259824135759360002	23725447	negative	If one more commentator references how "smart" the Dook players are, I may just turn this mess off. #overratededucation #dook
264165424617365504	17918823	neutral	Played Dishonored (360), Darksiders 2 (360) and Mass Effect 3 (360) in the last 24 hours. raptr.com/skuall-7th?typ…
250063565451579393	336182456	negative	Scariest man alive. Kendrick Perkins is close 2nd "@jemelehill Ray Lewis is probably the only human being ever not born with an indoor voice
254355714397597697	14198175	positive	@popshifter @YouTube Just whip it baby, whip it all night (welcome to Soul Train fandom; may you never leave)
264200988636880896	366888586	neutral	Chargers may go 8-8 but that will make playoffs in AFC... NFC teams must win 10 games! Fact! @MikeHillESPN @mortreport @Edwerderespn @PTI
264082861076914176	212186578	objective	Late Halloween party next saturday & going as Thriller Michael Jackson, is it to controversial to hold a baby doll too?
264249464389238784	248771260	positive	@No1LikeMe_NAC lol I'll be able to do it Saturday.. Or Friday night after the Greek show
259010331379118081	151152680	positive	hahahaha spanish people and Nadal's box all smiling after the break in the 5th set HAHAHAHAHAHA #rewatchingAOfinal
260133688979898369	28208952	negative	Sundays in the Sag is like a Friday in Idaho.....boring as fuck!
264034436419555328	487277064	positive	@rinithyme He'll be the Eli Manning of the NBA,they r both 2 of the best 4th quarter players in their sports #Closer #KillerInstinct #Splapa
263759101669023744	657323	objective	On Monday I go back to my old job for the fourth time. My life is the Groundhog Day movie.
263432103436365825	434476354	positive	If the Steelers play as good as they did Sunday I say keep the Bee uniforms on all the way to the Superbowl #steelers
263194127913607168	861687991	neutral	Harry Redknapp is being heavily linked with the position as Blackburn manager today. However, QPR may have begun courting him already...
262896420992991232	617180363	positive	yo I'm excited for Royal Rumble might book that Monday off work so I can watch it
232867712064442368	43351694	positive	Procrastinating. I need to get ready for the 6th district Chicago Police Rally Against Violence. Chi-town cheer will be performing. King dr.
251703255044857856	88483087	negative	"Will you have lunch with me tomorrow night?"-random hoe that's hitting on Castle "NOOOOOOOOO"-Beckett
247347708900286465	71960817	positive	@nickjonas Happy 20TH Birthday Nick J! Hope it's one of the best! You've accomplished so much already... And so much more to come. LOVE YOU!
244634790576414720	354242541	positive	#factsaboutme When I was born. On that day , it was the 2nd day of Chinese New Year. Immediately , i gotten lots of redpacket :D
259528581938544640	230863863	negative	Work almost over with then these negros won't see my face till Monday night!
262268094586703872	31475321	positive	I'll be doing the Senior Bowl fun run with my niece next Saturday
262052118314237952	79601816	objective	Monta Ellis / Ellis had just two points on 1-of-11 shooting on Friday against goo.gl/fb/9mlTL #nba
255983114126520320	251827150	neutral	If any Baltimore team mascots come up missing 1st person of interest should be Billy Cundiff! Or the Redskins mascot is taken blame him!
263477931916021760	290944156	objective-OR-neutral	I want to go to Chapel Hill tomorrow for Halloween!
263402254655164416	454155239	objective-OR-neutral	NO YOUTH tomorrow. Come to Fall Festival. Also, this Sunday High School will attend main service with the adults for Super Sunday!
264094708320595968	275088542	positive	I hope I can get a ticket to the #1D concert in Belgium!!!You can't order them till Saturday!Pfff...:s
262585396666458113	414465617	objective	Low-fat Oasis - Edmonton Sun: Low-fat OasisEdmonton SunPoor Noel Gallagher -- up there all alone with his new ba... adf.ly/E7cxD
264180809886478336	292839266	negative	3rd and goal at the 1 and Rivers throws a int. terrible pass by Rivers . Bad decisions cost u games. Geez half time Sd 10-3
241095680922353664	91965564	positive	Egypt's Morsi gets red carpet welcome in Iran: TEHRAN, Aug 29: Egypt's Mohamed Morsi is in Iran for the first visit... goo.gl/Bt6iL
262110858660941824	598554482	neutral	I need a shower and to start getting ready but I'm just sat in bed blogging and watching Celebrity Juice
264032758681178112	35182772	negative	@matt02392 is on the radio instead. MT @WaterlooRd: It's the first week without any Waterloo Road. Going to be a boring Thursday.
263615010402627584	447445258	negative	@staceyx8x lmao, from a garage in Boro. My mate went in for drink on Sunday night but they wouldn't serve him because it was too late, so
249906355815714818	38519489	positive	Ground hog day is such a good film, Sunday is for food and films #sunday
263807158368477185	37302488	positive	If Seattle and Portland were knit together and covered by the California sun, you'd have San Fran. Kinda love it.
262352609665482752	25345724	neutral	Estou ouvindo Brown Eyes Live @ Friday Show with Jonathan Ross - Lady Gaga lastfm.com.br/user/giuliamar… via @lastfm
263995474636312576	523445120	negative	Niggas was really fighting at the gas station Sat night tho
255514090754146305	27146510	objective	@fueltv @danaehite what about Holland?! 'Countdown to UFC 153: Silva vs. Bonnar' debuts Tuesday on FUEL TV tinyurl.com/9sx37dp
263164621064650752	526856921	negative	Hmmm... it occurs to me that I haven't received a residual check in nearly a year now. I think I should email SAG tomorrow.
264117031207571456	210721816	objective-OR-neutral	BUENOS AIRES--Argentina late Wednesday approved a law to lower the legal voting age to 16 in a move that could s ... tf.to/a73FB
263202753055182848	29262313	positive	Apple's increasing "skeumorphism" - the wood and leather effects - Tim Cook canned Scott Forstall guardian.co.uk/technology/201… no more dodgy effects
261270806305312768	634861083	neutral	#.:Aubig Black Leather Camera Case Bag Pouch Case with Strap for Olympus OM-D OMD EM5 E-M5 Cyber Monday Deals teee.freeblog.biz/aubig-black-le…
261452323686072322	476857926	negative	@RaggyRach next Wednesday going to the Disney one. No chance Avril will go to the universal night #wimp
261536737497583616	62984265	objective-OR-neutral	Man, I am going to change my vote based on Axl Rose's opinion said no one ever. Politico: C'MON MAN politico.com/blogs/click/20…
264207505335394305	18751073	positive	@AllieJayHey I hope all your loved ones back in Maryland are okay! I didn't see you, Wednesday. :)
263916267776389120	428514641	positive	Yay Bruno Mars is coming out with a new album on December 11th.(; I MUST HAVE IT!!
212482020260052992	265238549	positive	I'm Like.. Why the fuck "Happy Valentines Day" is trending on the 12th of June? but anyways, I just knew that it is celebrated in Brasil. Xx
264191178113708034	221056106	neutral	@ImmortalTech Dublin this Saturday... Gotta get on the Guinness!!
259484418043953152	339989532	positive	Lady boner from Channing Tatum in the Vow right now and the fact that I get McDonald's breakfast tomorrow with @megnoel5250 #winning
260593223708323841	34163754	negative	Being addicted to temple Run may be the worst thing that's happened to me haha.
257055717360553984	134157989	objective-OR-neutral	on Thursday, as Britney Spears, Jennifer Hudson, Halle Berry and others paid tribute to the singer at the Nokia Theatre in Los Angeles.
251910520242843649	177271043	objective-OR-neutral	#EndOfWatch with @KJC_4 ,Six Flags in the am,Then UFC on Fuel TV,Waffle House late at night w/ Z, Church&Ultimate on Sunday, #HeckYeah
264180595557539841	115766642	negative	@justinbieber is gonna be in Louisville, Kentucky tomorrow & I can't go to the show. I guess I'll just sit and listen to his music & pretend
234318200240754688	71817244	neutral	#Loanwatch: Ben Amos (Hull City) into extra time 1-1, in the 1st round of the League Cup.
263938554051305472	630234972	objective	Michael Jackson Bad 25 will air November 22 on ABC. Make sure you watch it! :) youtube.com/watch?v=1P0toS…
260207838461296640	574911622	positive	@Bryn2renner forget about Dook now we own that series anyways! let's "Beat State" this saturday as we continue on to a succesful season.
262879848740057088	284993124	objective-OR-neutral	FIFA is weird sometimes: You may remember the FIFA 12 video where Andy Carroll starting trying to hump Iker Casi... bit.ly/Rhfc4P
264223454641913856	814319108	positive	Long drive too Kentucky tomorrow hopefully gonna get the big buck we caught on cam, at least we got @ChaseRiceMusic playing in the Chevy! <3
264078591355138048	51123012	positive	Looking forward to seeing the Illegal Eagles at Dorking tomorrow night with Lin & Amigo. Best Eagles tribute band around. #illegaleagles
212634444958404608	81697128	positive	@christoferdrew Happy Valentine's day my love.. November is coming <3
264074031135875073	275776970	neutral	Anonymous asked: Would we have a chance at seeing you for topless Tuesday? tmblr.co/ZGVN7xWOXnlk
263889136757379072	19921353	positive	Pakistan approves liberalised visa accord with India - Islamabad, Nov 1 (IANS) Pakistan has approved a liberalised v... ht.ly/2sYvdR
256411078899159040	241049629	negative	Fabio Capello (Russia's head-coach) wishes Cristiano's injury was more serious. (Russia will play against Portugal tomorrow in the WCQ)
264034176049741824	20868413	neutral	Hey Nevada tweeps remember TOMORROW is the last day for EARLY VOTING! Ready, Set & Vote! #JustDoIt!
264123783458197504	21210899	objective-OR-neutral	@At_One I'll be in Poland but back Sunday eve, catch you then!
244531843028901888	533185090	neutral	Observers from UN, EU, CW, send to CoNi , according to this observers what the Maldivian have seen live and on TVs on 7 feb are day dream,
246721885671391232	191099192	neutral	my mother just said "what's gucci mah nigguh!" to me, i think she may have been listening to "Niggas In Paris", should i be worried?
260510516986904576	26349233	positive	Going to the GRAMMYS First entertainment law breakfast here in NYC tomorrow! I'm so excited. One step closer...
263877612898775040	20701758	positive	@Zararugosa Good morning Becky. Hope all's well, may you all have a good day
264225872226181120	140610932	objective	Amazon has opened an online store for Black Friday 22 days before the shopping event is scheduled to take place. on.mash.to/SBaGCN
264184818630262784	47460879	neutral	I may have done a dumb thing, but it's out there now. My new, long term goal: The Challenge anolympicodyssey.blogspot.com/2012/11/the-ch…
262149399956844545	21955271	negative	I think I may be the only person around not excited that Beyonce is the half time performer for the Superbowl.
259499296523689984	51063172	neutral	Chicago: Go see @TiffanyJ_Curtis: #lovesgotaholdonme #Sat October 27th 7p at the #HaroldWashingonCulCntr 47th & King Dr.
264029478580260864	315555817	positive	@Strombo Happy Thursday! Enjoyed the show so much last night watched 4x. #Thankyoutimeshifting!! Have a great day my Greek!
263261807177789440	529435028	objective-OR-neutral	A three-month-old boy was found abandoned at a platform of the Chhatrapati Shivaji Terminus (CST) on Saturday night. pic.twitter.com/qffIfZNN
263698581440040960	19987409	neutral	highlight of monday was chucking a mattress down the stairs which hit eleanor around the face, causing her to fall down the stairs
264227710480564224	164134582	negative	The fact that I have no plans tomorrow night & it's my last night in FL for a min <<<<<<
262607686540095488	20092607	objective-OR-neutral	Boogie song of the day...Oh Ricky Martin: Que Mas Da Happy Sunday 2 everyone recovering from Halloween party hangovers youtube.com/watch?v=rTtPl3…
245558175561048064	580264175	positive	Loved the hair style from Friday's Jason Wu #NYFW show? We're giving you the step-by-step to recreate the look ow.ly/dD8uI
259586844138815489	99966995	neutral	Sad to say #knutsfordlitfest nearly at an end. Fantastic event last night with Michael Portillo. Last event tomorrow with Charles Dickens.
263330648817803266	34725927	positive	@NoHeroesHere Glad you do. I think he may even be the next Spurs player to leave for a really big club. Before Bale possibly.
264241159486976000	521025993	neutral	@clownpeople Yeah your game against The Ravens was a Thursday night game. Im sure you will pull for The Giants these next 2 games
264203349757394945	141832160	positive	Just landed in Las Vegas!!! So excited to start canvassing for Obama tomorrow with @schuy_g and @Kimbemo! :) #GetOutTheVote
263238987597107201	98050374	neutral	@echelleprakash 1st its like Imma play Headlock, and then Safe and Sound, and now you gonna play All Star. hmmmm
260104370232889345	36375662	objective-OR-neutral	#Redskins defenders Stephen Bowen, Barry Cofield and Rob Jackson swarm Manning on 1st down! Cofield and Jackson credited with SACK! #HTTR
262975765036011520	10959452	objective-OR-neutral	@cabri @johnytyh Close early on Thanksgiving Eve. Decorate like the Dickens. Thanksgiving Day OFF! Boom. Store all Christmas for Friday.
